{"success": true, "score": 11.037160288408208, "scoreJson": {"score": 11.037160288408208, "mean_recall": 11.037160288408208, "r1": 4.9916805324459235, "r5": 11.564059900166388, "r10": 16.55574043261231}}